"Reference","Value","Datasheet","Footprint","Qty","DNP"
"C1,C3,C4,C7","10uF","~","Capacitor_SMD:C_0805_2012Metric","4",""
"C2","4.7uF","~","Capacitor_SMD:C_0805_2012Metric","1",""
"C5","12nF","~","Capacitor_SMD:C_0402_1005Metric","1",""
"C6,C10,C24,C52,C105,C110,C115,C120","0.1uF","~","Capacitor_SMD:C_0603_1608Metric","8",""
"C8","100pF","~","Capacitor_SMD:C_0805_2012Metric","1",""
"C9,C101,C104,C106,C109,C111,C114,C116,C119","1uF","~","Capacitor_SMD:C_0603_1608Metric","9",""
"C11","33nF","~","Capacitor_SMD:C_0402_1005Metric","1",""
"C12,C19","100nF","~","Capacitor_SMD:C_0805_2012Metric","2",""
"C13,C14","22uF","~","Capacitor_SMD:C_0603_1608Metric","2",""
"C18","2.2uF","~","Capacitor_SMD:C_1210_3225Metric","1",""
"C20","100nF","~","Capacitor_SMD:C_0603_1608Metric","1",""
"C21,C25","10uF","~","Capacitor_SMD:C_0603_1608Metric","2",""
"C26,C27,C28,C29","470nF","~","Capacitor_SMD:C_0603_1608Metric","4",""
"C30,C31,C32,C33","865060663015","865060663015","865060663015:CAP_WCAP-ASLL_16p0X17p0_WRE","4",""
"C51,C103,C108,C113,C118","47uF","~","Capacitor_SMD:CP_Elec_6.3x5.9","5",""
"C102,C107,C112,C117","47nF","~","Capacitor_SMD:C_0603_1608Metric","4",""
"D1","SK220A","~","Diode_SMD:D_SMA","1",""
"D3","SBRD10200TR","","SBRD10200TR:DPAK228P1005X240-4N","1",""
"D7","LED","~","LED_SMD:LED_0603_1608Metric","1",""
"H1,H2,H3,H4","MountingHole","~","MountingHole:MountingHole_2.2mm_M2","4",""
"J1","4S Battery","~","Connector_AMASS:AMASS_XT30U-M_1x02_P5.0mm_Vertical","1",""
"J2","Power Switch","~","Connector_AMASS:AMASS_XT30U-F_1x02_P5.0mm_Vertical","1",""
"J3","+VOLTMETER","~","Connector_Wire:SolderWirePad_1x01_SMD_1x2mm","1",""
"J4","-VOLTMETER","~","Connector_Wire:SolderWirePad_1x01_SMD_1x2mm","1",""
"J5","Line","~","Connector_JST:JST_XH_B4B-XH-A_1x04_P2.50mm_Vertical","1",""
"J8","Conn_02x05_Odd_Even","~","Connector_PinSocket_2.54mm:PinSocket_2x05_P2.54mm_Vertical","1",""
"J9","Solenoid","~","Connector_AMASS:AMASS_XT30U-M_1x02_P5.0mm_Vertical","1",""
"J10","Motor 1","~","Connector_AMASS:AMASS_XT30U-F_1x02_P5.0mm_Vertical","1",""
"J11","Motor 2","~","Connector_AMASS:AMASS_XT30U-F_1x02_P5.0mm_Vertical","1",""
"J12","Motor 3","~","Connector_AMASS:AMASS_XT30U-F_1x02_P5.0mm_Vertical","1",""
"J13","Motor 4","~","Connector_AMASS:AMASS_XT30U-F_1x02_P5.0mm_Vertical","1",""
"J14","+Motor 5","~","Connector_Wire:SolderWirePad_1x01_SMD_1x2mm","1",""
"J15","-Motor 5","~","Connector_Wire:SolderWirePad_1x01_SMD_1x2mm","1",""
"J16","Encoder 1","~","Connector_JST:JST_XH_B3B-XH-A_1x03_P2.50mm_Vertical","1",""
"J17","Encoder 2","~","Connector_JST:JST_XH_B3B-XH-A_1x03_P2.50mm_Vertical","1",""
"J18","Encoder 3","~","Connector_JST:JST_XH_B3B-XH-A_1x03_P2.50mm_Vertical","1",""
"J19","Encoder 4","~","Connector_JST:JST_XH_B3B-XH-A_1x03_P2.50mm_Vertical","1",""
"L1","3.3uH","","Inductor_SMD:MPXV1D0840","1",""
"L3","ASPI-0630LR-150M-T15","","ASPI_0630LR_150M_T15:IND_ASPI-0630LR-150M-T15","1",""
"Q2,Q3","DMN10H170SK3-13","DMN10H170SK3-13","DMN10H170SK3_13:QNMOS1G2D3S_TO252DPAK_DIO","2",""
"Q4","IRFR9024TRPBF","","IRFR9024TRPBF:DPAK","1",""
"R1","0R","~","Resistor_SMD:R_1210_3225Metric","1",""
"R2","9K76","~","Resistor_SMD:R_0402_1005Metric","1",""
"R3","1K62","~","Resistor_SMD:R_0402_1005Metric","1",""
"R4","54k9","~","Resistor_SMD:R_0402_1005Metric","1",""
"R5","10k","~","Resistor_SMD:R_0402_1005Metric","1",""
"R8","118K","~","Resistor_SMD:R_0603_1608Metric","1",""
"R9","2K49","~","Resistor_SMD:R_0402_1005Metric","1",""
"R10,R11,R12,R20,R42","10K","~","Resistor_SMD:R_0603_1608Metric","5",""
"R14,R15","4K7","~","Resistor_SMD:R_0603_1608Metric","2",""
"R17,R18,R19,R41","10R","~","Resistor_SMD:R_0603_1608Metric","4",""
"R43","263R","~","Resistor_SMD:R_0603_1608Metric","1",""
"R44,R102,R105,R108,R111","1K","~","Resistor_SMD:R_0603_1608Metric","5",""
"R52","2K3","~","Resistor_SMD:R_0402_1005Metric","1",""
"R103,R106,R109,R112","10k","~","Resistor_SMD:R_0603_1608Metric","4",""
"SW1,SW2,SW3","SPST","~","Button_Switch_THT:SW_PUSH_6mm_H4.3mm","3",""
"U1","TPS565208","http://www.ti.com/lit/ds/symlink/tps565208.pdf","Package_TO_SOT_SMD:SOT-23-6","1",""
"U2","LM51581RTER","LM51581RTER","Package_DFN_QFN:WQFN-16-1EP_3x3mm_P0.5mm_EP1.68x1.68mm_ThermalVias","1",""
"U4","Adafruit_BNO055_STEMMA_QT","","2.3 PCBs:Adafruit IMU BNO055","1",""
"U6","DEV-16771","","DEV-16771:MODULE_DEV-16771","1",""
"U7,U13","DGD0211CWT-7","DGD0211CWT-7","DGD0211CWT_7:TSOT25-TH_DIO","2",""
"U12","DRV8231DDAR","DRV8231DDAR","DRV8231DDAR:SOIC8_DDA_TEX","1",""
"U101,U102,U103,U104","DRV8873HPWPR","DRV8873HPWPR","DRV8873HPWPR:PWP24_TEX","4",""
"U105","BD33FC0FP","https://fscdn.rohm.com/en/products/databook/datasheet/ic/power/linear_regulator/bdxxfc0wefj-e.pdf","Package_TO_SOT_SMD:TO-252-2","1",""
